OID_,Site,Lat,Long,Source,Elevation,D_Treeline,Original_D_Temp,Min_DT,Max_DT,Mean_DT,mat_tstat,mat_sig,mat_sig_val,mat_npts,beyer_diff_min,beyer_diff_max,beyer_diff_mean,chelsa_diff_min,chelsa_diff_max,chelsa_diff_mean,ecoclimate_diff_min,ecoclimate_diff_max,ecoclimate_diff_mean,paleopgem_diff_min,paleopgem_diff_max,paleopgem_diff_mean,worldclim30s_diff_min,worldclim30s_diff_max,worldclim30s_diff_mean,worldclim25m_diff_min,worldclim25m_diff_max,worldclim25m_diff_mean,ggc_diff_min,ggc_diff_max,ggc_diff_mean,in_mr,MapName,Level_01,Level_02,Level_03,Countries,GMTED2010
1,Rano Raraku & Rano Aroi (RRA3 & ARO1),-27.15,-109.43,Farrera et al. (1999),n/a,,"-1,8 or -2,8 min",-1.8,-2.8,-2.3,,,,,,,,-0.8000004,0.1999996,-0.3000004,-0.4315159,0.5684841,0.0684841,-0.2419998,0.7580002,0.2580002,,,,-0.5,0.5,0,-2.8730003,-1.8730003,-2.3730003,0,,,,,,7
2,Catas Atlas,-20.08,-43.37,Farrera et al. (1999),755,,-5 to-7,-5,-7,-6,,,,,1.3468609,3.3468609,2.3468609,0.2374992,2.2374992,1.2374992,1.6351681,3.6351681,2.6351681,2.2919998,4.2919998,3.2919998,1.4000001,3.4000001,2.4000001,1.5,3.5,2.5,0.3269997,2.3269997,1.3269997,0,,,,,,773
3,Morro de Itapeva,-22.78,-45.53,Farrera et al. (1999),1850,,-5 to -7,-5,-7,-6,,,,,1.5090771,3.5090771,2.5090771,2.3000002,4.3000002,3.3000002,1.5107899,3.5107899,2.5107899,2.3839989,4.3839989,3.3839989,2.4000001,4.4000001,3.4000001,1.0999999,3.0999999,2.0999999,0.3269997,2.3269997,1.3269997,1,Atlantic Plateau (Brazil),South America,Brazilian Highlands,Atlantic Plateau (Brazil),Brazil,1683
4,Botucatu,-22.8,-48.38,Farrera et al. (1999),770,,-5 to-7,-5,-7,-6,,,,,1.3963108,3.3963108,2.3963108,2.0750008,4.0750008,3.0750008,1.3633804,3.3633804,2.3633804,2.0669994,4.0669994,3.0669994,1.4000001,3.4000001,2.4000001,1.4000001,3.4000001,2.4000001,0.3269997,2.3269997,1.3269997,0,,,,,,471
5,Equus Cave,-27,24,Farrera et al. (1999),1500,,-3 to-4,-3,-4,-3.5,,,,,-0.7980566,0.2019434,-0.2980566,0.7541666,1.7541666,1.2541666,-1.2869329,-0.2869329,-0.7869329,-0.25,0.75,0.25,-1.3000002,-0.3000002,-0.8000002,-1.3000002,-0.3000002,-0.8000002,-1.6730003,-0.6730003,-1.1730003,0,,,,,,1320
6,unknown,-25,15,Bartlein et al. (2011),,,,-12.6469,-7.9531,-10.3,-4.3888,-1,-10.3,1,9.4899443,4.7961443,7.1430443,10.1344011,5.4406011,7.7875011,9.14336,4.44956,6.79646,10.7129,6.0191,8.366,9.0469001,4.3531001,6.7000001,9.0469001,4.3531001,6.7000001,7.9738997,3.2800997,5.6269997,0,,,,,,386
7,unknown,-33,19,Bartlein et al. (2011),,,,-11.0031,-8.1969,-9.6,-6.842,-1,-9.6,1,7.8488088,5.0426088,6.4457088,9.6364332,6.8302332,8.2333332,7.4424215,4.6362215,6.0393215,9.1111008,6.3049008,7.7080008,7.3031,4.4969,5.9,7.3031,4.4969,5.9,6.3300997,3.5238997,4.9269997,0,,,,,,165
8,unknown,-25,19,Bartlein et al. (2011),,,,-5.5551,-5.0449,-5.3,-20.7762,-1,-5.3,1,1.4490943,0.9388943,1.1939943,3.6884332,3.1782332,3.4333332,0.9563146,0.4461146,0.7012146,2.8801008,2.3699008,2.6250008,0.9551001,0.4449001,0.7000001,0.9551001,0.4449001,0.7000001,0.8820997,0.3718997,0.6269997,0,,,,,,1111
9,unknown,-33,25,Bartlein et al. (2011),,,,-6.3163,-4.6837,-5.5,-6.7377,-1,-5.5,1,3.3304964,1.6978964,2.5141964,4.7162996,3.0836996,3.8999996,2.6336513,1.0010513,1.8173513,3.8992992,2.2666992,3.0829992,2.6163,0.9837,1.8,2.4162999,0.7836999,1.5999999,1.6432997,0.0106997,0.8269997,0,,,,,,375
10,unknown,-27,25,Bartlein et al. (2011),,,,-9.9959,-5.4041,-7.7,-3.3538,-1,-7.7,1,6.2542942,1.6624942,3.9583942,7.6500681,3.0582681,5.3541681,6.0887326,1.4969326,3.7928326,6.7459,2.1541,4.45,6.2959,1.7041,4,6.2959,1.7041,4,5.3228997,0.7310997,3.0269997,0,,,,,,1256
11,Wonderkrater (4 boreholes),-24.43,28.75,Farrera et al. (1999),1100,-1000,-5 to-6,-5,-6,-5.5,,,,,1.3233166,2.3233166,1.8233166,2.7958336,3.7958336,3.2958336,1.4666872,2.4666872,1.9666872,1.4420004,2.4420004,1.9420004,1.5999999,2.5999999,2.0999999,1.5,2.5,2,0.3269997,1.3269997,0.8269997,0,,,,,,1106
12,unknown,-29,29,Bartlein et al. (2011),,,,-4.491,-0.909,-2.7,-1.5075,0,0,2,1.0150235,-2.5669765,-0.7759765,2.2868336,-1.2951664,0.4958336,0.7168039,-2.8651961,-1.0741961,1.3489998,-2.2330002,-0.4420002,0.5909999,-2.9910001,-1.2000001,0.491,-3.091,-1.3,-0.1819999,-3.7639999,-1.9729999,1,Great Escarpment,Africa,Southern African Ranges,Great Escarpment,"Angola, Democratic Republic of the Congo, Lesotho, Mozambique, Namibia, Swaziland, South Africa, Zambia, Zimbabwe",3086
13,unknown,-25,29,Bartlein et al. (2011),,,,-10.0327,-6.7673,-8.4,-5.1449,-1,-8.4,1,6.4353432,3.1699432,4.8026432,7.8993649,4.6339649,6.2666649,6.4762167,3.2108167,4.8435167,6.4747004,3.2093004,4.8420004,6.3327,3.0673,4.7,6.4327001,3.1673001,4.8000001,5.3596997,2.0942997,3.7269997,0,,,,,,987
14,LAC Lac Suprin,-22.3,166.98,Farrera et al. (1999),230,,-3,-3,-3,-3,,,,,-0.6318893,-0.6318893,-0.6318893,0.6374989,0.6374989,0.6374989,0.3570213,0.3570213,0.3570213,0.7000008,0.7000008,0.7000008,0.5,0.5,0.5,0.4000001,0.4000001,0.4000001,-1.6730003,-1.6730003,-1.6730003,0,,,,,,238
15,Lac Xere Wapo,-22.3,166.97,Farrera et al. (1999),235,,-3 to -1,-1,-3,-2,,,,,-2.6318893,-0.6318893,-1.6318893,-1.3374996,0.6625004,-0.3374996,-1.6429787,0.3570213,-0.6429787,-1.2999992,0.7000008,-0.2999992,-1.5,0.5,-0.5,-1.5999999,0.4000001,-0.5999999,-3.6730003,-1.6730003,-2.6730003,0,,,,,,168
16,unknown,-37,175,Bartlein et al. (2011),,,,-6.2862,-4.0138,-5.15,-4.5325,-1,-5.15,2,3.411323,1.138923,2.275123,3.2778668,1.0054668,2.1416668,3.1256423,0.8532423,1.9894423,3.8952002,1.6228002,2.7590002,3.1862001,0.9138001,2.0500001,3.1862001,0.9138001,2.0500001,1.6131997,-0.6592003,0.4769997,0,,,,,,81
17,Laguna Junin (A),-11,-76,Farrera et al. (1999),4100,,-7,-7,-7,-7,,,,,2.5004196,2.5004196,2.5004196,4.1291668,4.1291668,4.1291668,3.2475796,3.2475796,3.2475796,4.4910002,4.4910002,4.4910002,3.0999999,3.0999999,3.0999999,3,3,3,2.3270001,2.3270001,2.3270001,1,Central Andes,South America,Andes,Central Andes,"Argentina, Bolivia, Chile, Ecuador, Peru",4148
18,Katira,-9,-63,Farrera et al. (1999),80,,-4±2,-2,-6,-4,,,,,-2.1500816,1.8499184,-0.1500816,-1.5333328,2.4666672,0.4666672,-1.6962299,2.3037701,0.3037701,-1.9169998,2.0830002,0.0830002,-1.5999999,2.4000001,0.4000001,-1.5999999,2.4000001,0.4000001,-2.6730003,1.3269997,-0.6730003,0,,,,,,111
19,Lago Titicaca,-16,-69,Farrera et al. (1999),3810,,-5 to -7,-5,-7,-6,,,,,-0.7171097,1.2828903,0.2828903,1.9041667,3.9041667,2.9041667,0.9020596,2.9020596,1.9020596,2.309,4.309,3.309,0.5999999,2.5999999,1.5999999,0.6999998,2.6999998,1.6999998,0.3270001,2.3270001,1.3270001,0,,,,,,3815
20,Wasa Mayu,-17.53,-65.82,Farrera et al. (1999),2720,,-6 to -7,-6,-7,-6.5,,,,,1.3838348,2.3838348,1.8838348,2.8291664,3.8291664,3.3291664,2.0953526,3.0953526,2.5953526,2.9169998,3.9169998,3.4169998,2.2,3.2,2.7,2.0999999,3.0999999,2.5999999,1.3269997,2.3269997,1.8269997,0,,,,,,2757
21,Cala Conto,-17.57,-65.93,Farrera et al. (1999),2700,,-6 to -7,-6,-7,-6.5,,,,,1.3838348,2.3838348,1.8838348,2.8125,3.8125,3.3125,2.0953526,3.0953526,2.5953526,2.9169998,3.9169998,3.4169998,2.0999999,3.0999999,2.5999999,2.0999999,3.0999999,2.5999999,1.3269997,2.3269997,1.8269997,0,,,,,,2713
22,Lagoa dos Olhos,-19.53,-43.9,Farrera et al. (1999),730,,-6,-6,-6,-6,,,,,2.2536011,2.2536011,2.2536011,0.083333,0.083333,0.083333,2.5849915,2.5849915,2.5849915,3.1420002,3.1420002,3.1420002,2.5,2.5,2.5,2.5,2.5,2.5,1.3269997,1.3269997,1.3269997,0,,,,,,712
23,unknown,-7,-41,Bartlein et al. (2011),,,,-5.9612,-4.8388,-5.4,-9.6222,-1,-5.4,1,1.6453736,0.5229736,1.0841736,1.0987008,-0.0236992,0.5375008,2.5073979,1.3849979,1.9461979,1.9441998,0.8217998,1.3829998,2.7612,1.6388,2.2,2.4612,1.3388,1.9,1.2881997,0.1657997,0.7269997,0,,,,,,288
24,unknown,-5,15,Bartlein et al. (2011),,,,-3.7184,-1.8816,-2.8,-3.0488,-1,-2.8,1,-0.5384111,-2.3752111,-1.4568111,0.5142317,-1.3225683,-0.4041683,0.2466497,-1.5901503,-0.6717503,-0.1566,-1.9934,-1.075,0.1184001,-1.7183999,-0.7999999,0.2184,-1.6184,-0.7,-0.9546003,-2.7914003,-1.8730003,0,,,,,,608
25,Kashiru,-3.48,29.57,Farrera et al. (1999),2240,-1400 to -1900,"-2,5 to -3",-2.5,-3,-2.75,,,,,-2.3562164,-1.8562164,-2.1062164,-0.4624996,0.0375004,-0.2124996,-1.5038519,-1.0038519,-1.2538519,0.0499992,0.5499992,0.2999992,-1.2,-0.7,-0.95,-1.5,-1,-1.25,-2.1730003,-1.6730003,-1.9230003,1,Albertine Rift Mountains,Africa,East African Highlands,Albertine Rift Mountains,"Burundi, Democratic Republic of the Congo, Rwanda, South Sudan, Tanzania, Uganda, Zambia",2162
26,Kashiru-88,-3.48,29.57,Farrera et al. (1999),2240,-1000,-5 to-6,-5,-6,-5.5,,,,,0.1437836,1.1437836,0.6437836,2.0375004,3.0375004,2.5375004,0.9961481,1.9961481,1.4961481,2.5499992,3.5499992,3.0499992,1.3,2.3,1.8,1,2,1.5,0.3269997,1.3269997,0.8269997,1,Albertine Rift Mountains,Africa,East African Highlands,Albertine Rift Mountains,"Burundi, Democratic Republic of the Congo, Rwanda, South Sudan, Tanzania, Uganda, Zambia",2162
27,North Tanganyika (SD24),-4.5,29.33,Farrera et al. (1999),773,,-4 min,-4,-4,-4,,,,,-0.4494019,-0.4494019,-0.4494019,1.5083332,1.5083332,1.5083332,0.2181282,0.2181282,0.2181282,1.4659996,1.4659996,1.4659996,0.4000001,0.4000001,0.4000001,0.4000001,0.4000001,0.4000001,-0.6730003,-0.6730003,-0.6730003,0,,,,,,767
28,Kalambo Falls,-8.5,31.25,Farrera et al. (1999),1200,,-3 to-5,-3,-5,-4,,,,,-1.1731968,0.8268032,-0.1731968,0.6791668,2.6791668,1.6791668,-0.8576088,1.1423912,0.1423912,0.4830017,2.4830017,1.4830017,-1.3000002,0.6999998,-0.3000002,-0.9000001,1.0999999,0.0999999,-1.6730003,0.3269997,-0.6730003,0,,,,,,1394
29,South Tanganyika (MPU3+MPU11+MPU12) USEF,-8.5,30.75,Farrera et al. (1999),773,,-2 to-8,-2,-8,-5,,,,,-2.2227402,3.7772598,0.7772598,-0.1416664,5.8583336,2.8583336,-1.852829,4.147171,1.147171,-0.6580009,5.3419991,2.3419991,-1.9000001,4.0999999,1.0999999,-1.9000001,4.0999999,1.0999999,-2.6730003,3.3269997,0.3269997,0,,,,,,767
30,unknown,-5,29,Bartlein et al. (2011),,,,-2.2949,-0.3051,-1.3,-1.3067,0,0,1,-2.0534887,-4.0432887,-3.0483887,-0.621766,-2.611566,-1.616666,-1.380536,-3.370336,-2.375436,-0.2631006,-2.2529006,-1.2580006,-1.2051,-3.1949,-2.2,-1.3050999,-3.2948999,-2.2999999,-2.3781003,-4.3679003,-3.3730003,1,Albertine Rift Mountains,Africa,East African Highlands,Albertine Rift Mountains,"Burundi, Democratic Republic of the Congo, Rwanda, South Sudan, Tanzania, Uganda, Zambia",1953
31,unknown,-3,29,Bartlein et al. (2011),,,,-0.9699,0.5033,-0.2333,-0.3168,0,0,3,-3.4455863,-4.9187863,-4.1821863,-1.7717668,-3.2449668,-2.5083668,-2.9904977,-4.4636977,-3.7270977,-1.3471013,-2.8203013,-2.0837013,-3.4301001,-4.9033001,-4.1667001,-3.1300999,-4.6032999,-3.8666999,-3.7031003,-5.1763003,-4.4397003,1,Albertine Rift Mountains,Africa,East African Highlands,Albertine Rift Mountains,"Burundi, Democratic Republic of the Congo, Rwanda, South Sudan, Tanzania, Uganda, Zambia",1437
32,unknown,-11,31,Bartlein et al. (2011),,,,-2.3969,-0.2031,-1.3,-1.1852,0,0,1,-1.9545767,-4.1483767,-3.0514767,-0.5406,-2.7344,-1.6375,-1.2996694,-3.4934694,-2.3965694,-0.3871004,-2.5809004,-1.4840004,-1.3031,-3.4969,-2.4,-1.3031,-3.4969,-2.4,-2.2761003,-4.4699003,-3.3730003,0,,,,,,1228
33,unknown,-9,31,Bartlein et al. (2011),,,,-2.657,-0.843,-1.75,-1.9294,0,0,2,-1.6829849,-3.4969849,-2.5899849,0.2528328,-1.5611672,-0.6541672,-1.1851631,-2.9991631,-2.0921631,-0.0010009,-1.8150009,-0.9080009,-1.2430001,-3.0570001,-2.1500001,-1.143,-2.957,-2.05,-2.0160003,-3.8300003,-2.9230003,0,,,,,,1391
34,unknown,-19,47,Bartlein et al. (2011),,,,1.5931,4.8069,3.2,1.9914,0,0,1,-5.3331799,-8.5469799,-6.9400799,-5.447267,-8.661067,-7.054167,-5.2396321,-8.4534321,-6.8465321,-4.2101006,-7.4239006,-5.8170006,-5.0931,-8.3069,-6.7,-5.0931,-8.3069,-6.7,-6.2661003,-9.4799003,-7.8730003,0,,,,,,1414
35,unknown,-19,49,Bartlein et al. (2011),,,,-4.0429,0.2429,-1.9,-0.8866,0,0,1,1.3945407,-2.8912593,-0.7483593,0.459566,-3.826234,-1.683334,-0.0060044,-4.2918044,-2.1489044,1.5429,-2.7429,-0.6,-0.2571002,-4.5429002,-2.4000002,-0.2571002,-4.5429002,-2.4000002,-0.6301003,-4.9159003,-2.7730003,0,,,,,,13
36,(DPDR-1),-6.84,107.6,Farrera et al. (1999),660.5,,-3 to-2,-2,-3,-2.5,,,,,-0.4310665,0.5689335,0.0689335,-0.8666668,0.1333332,-0.3666668,-2.0166321,-1.0166321,-1.5166321,-0.1409988,0.8590012,0.3590012,-0.8,0.2,-0.3,-1.5999999,-0.5999999,-1.0999999,-2.6730003,-1.6730003,-2.1730003,1,Malay Archipelago,Eurasia,Southeast Asia,Malay Archipelago,"Brunei, Indonesia, Malaysia, Philippines, Papua New Guinea, Timor-Leste",1072
37,DPDR-II),-6.98,107.73,Farrera et al. (1999),662,,-3 to-2,-2,-3,-2.5,,,,,-0.4310665,0.5689335,0.0689335,-0.416666,0.583334,0.083334,-2.0166321,-1.0166321,-1.5166321,-0.1409988,0.8590012,0.3590012,-1.5999999,-0.5999999,-1.0999999,-1.5999999,-0.5999999,-1.0999999,-2.6730003,-1.6730003,-2.1730003,0,,,,,,663
38,Lembang Swamp,-6.73,107.62,Farrera et al. (1999),1200,,"-3,6 to-7,2",-3.6,-7.2,-5.4,,,,,1.1689335,4.7689335,2.9689335,0.5041653,4.1041653,2.3041653,-0.4166321,3.1833679,1.3833679,1.4590012,5.0590012,3.2590012,-3.3000001,0.2999999,-1.5000001,-0.2,3.4,1.6,-1.0730003,2.5269997,0.7269997,1,Malay Archipelago,Eurasia,Southeast Asia,Malay Archipelago,"Brunei, Indonesia, Malaysia, Philippines, Papua New Guinea, Timor-Leste",1262
39,Situ Bayongbong,-7.18,107.28,Farrera et al. (1999),1300,,-4 min,-4,-4,-4,,,,,1.2716274,1.2716274,1.2716274,1.3708324,1.3708324,1.3708324,0.5724468,0.5724468,0.5724468,1.7169991,1.7169991,1.7169991,2.1,2.1,2.1,0.8,0.8,0.8,-0.6730003,-0.6730003,-0.6730003,1,Malay Archipelago,Eurasia,Southeast Asia,Malay Archipelago,"Brunei, Indonesia, Malaysia, Philippines, Papua New Guinea, Timor-Leste",1127
40,Draepi,-5.65,114.18,Farrera et al. (1999),1585,,"-2,5 min",-2.5,-2.5,-2.5,,,,,,,,0.0041676,0.0041676,0.0041676,-2.2509594,-2.2509594,-2.2509594,0.6669998,0.6669998,0.6669998,,,,,,,-2.1730003,-2.1730003,-2.1730003,0,,,,,,0
41,Telefomin TOMON,-5.18,141.63,Farrera et al. (1999),1280,,-4 to -5,-4,-5,-4.5,,,,,0.8964157,1.8964157,1.3964157,0.3875008,1.3875008,0.8875008,0.5142899,1.5142899,1.0142899,2.0410004,3.0410004,2.5410004,0.4000001,1.4000001,0.9000001,0.4000001,1.4000001,0.9000001,-0.6730003,0.3269997,-0.1730003,1,Malay Archipelago,Eurasia,Southeast Asia,Malay Archipelago,"Brunei, Indonesia, Malaysia, Philippines, Papua New Guinea, Timor-Leste",1832
42,Sirunki ,-5.4,143.42,Farrera et al. (1999),2550,-1200,"-5,5 to -2",-2,-5.5,-3.75,,,,,-1.1927052,2.3072948,0.5572948,-1.0249996,2.4750004,0.7250004,-1.4646149,2.0353851,0.2853851,0.1079998,3.6079998,1.8579998,-1,2.5,0.75,-1.5,2,0.25,-2.6729994,0.8270006,-0.9229994,1,Malay Archipelago,Eurasia,Southeast Asia,Malay Archipelago,"Brunei, Indonesia, Malaysia, Philippines, Papua New Guinea, Timor-Leste",2097
43,Tugupugua,-5.7,142.62,Farrera et al. (1999),2350,,"-5,3 to -7,8",-5.3,-7.8,-6.55,,,,,1.8945988,4.3945988,3.1445988,1.5791672,4.0791672,2.8291672,1.8078793,4.3078793,3.0578793,3.3499992,5.8499992,4.5999992,1.7000001,4.2000001,2.9500001,1.8,4.3,3.05,0.6270006,3.1270006,1.8770006,1,Malay Archipelago,Eurasia,Southeast Asia,Malay Archipelago,"Brunei, Indonesia, Malaysia, Philippines, Papua New Guinea, Timor-Leste",2572
44,Komanimanbuno,-5.8,145.07,Farrera et al. (1999),2740,-1200,-5 to -8,-5,-8,-6.5,,,,,1.7726421,4.7726421,3.2726421,1.5541673,4.5541673,3.0541673,1.4368534,4.4368534,2.9368534,3.1660004,6.1660004,4.6660004,4.6,7.6,6.1,1.4000001,4.4000001,2.9000001,0.3270001,3.3270001,1.8270001,1,Malay Archipelago,Eurasia,Southeast Asia,Malay Archipelago,"Brunei, Indonesia, Malaysia, Philippines, Papua New Guinea, Timor-Leste",3377
45,Kuk,-5.82,144.31,Farrera et al. (1999),1550,,"-2,5 min",-2.5,-2.5,-2.5,,,,,-1.2490845,-1.2490845,-1.2490845,-0.2833328,-0.2833328,-0.2833328,-1.0448551,-1.0448551,-1.0448551,0.6089993,0.6089993,0.6089993,-1.2,-1.2,-1.2,-1.0999999,-1.0999999,-1.0999999,-2.1730003,-2.1730003,-2.1730003,0,,,,,,1635
46,Ambra Ambr,-5.85,144.3,Farrera et al. (1999),1540,,-2 min,-2,-2,-2,,,,,-1.7490845,-1.7490845,-1.7490845,-0.7750006,-0.7750006,-0.7750006,-1.5448551,-1.5448551,-1.5448551,0.1089993,0.1089993,0.1089993,-1.7,-1.7,-1.7,-1.7,-1.7,-1.7,-2.6730003,-2.6730003,-2.6730003,0,,,,,,1637
47,Haepugua (6),-5.85,142.95,Farrera et al. (1999),1650,,"-3,4 to -6",-3.4,-6,-4.7,,,,,-0.0054012,2.5945988,1.2945988,0.2249998,2.8249998,1.5249998,-0.0921207,2.5078793,1.2078793,1.4499992,4.0499992,2.7499992,-0.1999999,2.4000001,1.1000001,-0.1,2.5,1.2,-1.2730003,1.3269997,0.0269997,0,,,,,,1667
48,Aluaipugua,-5.97,143.15,Farrera et al. (1999),2750,,"-5,8 to -7,3",-5.8,-7.3,-6.55,,,,,2.1005629,3.6005629,2.8505629,2.2541674,3.7541674,3.0041674,2.2858685,3.7858685,3.0358685,3.9079998,5.4079998,4.6579998,1.8999999,3.3999999,2.6499999,2.2000001,3.7000001,2.9500001,1.1269997,2.6269997,1.8769997,1,Malay Archipelago,Eurasia,Southeast Asia,Malay Archipelago,"Brunei, Indonesia, Malaysia, Philippines, Papua New Guinea, Timor-Leste",2718
49,Lynch's Crater (A),-17.37,145.7,Farrera et al. (1999),760,,-3±2,-1,-5,-3,,,,,-2.4276714,1.5723286,-0.4276714,-1.7041664,2.2958336,0.2958336,-2.9167633,1.0832367,-0.9167633,-2.1000004,1.8999996,-0.1000004,-2.9000001,1.0999999,-0.9000001,-2.8,1.2,-0.8,-3.6730003,0.3269997,-1.6730003,0,,,,,,820
50,Strenekoff's Crater,-17.33,145.55,Farrera et al. (1999),740,,-2 to-4,-2,-4,-3,,,,,-1.4276714,0.5723286,-0.4276714,-0.6749992,1.3250008,0.3250008,-1.9167633,0.0832367,-0.9167633,-1.1000004,0.8999996,-0.1000004,-1.7,0.3,-0.7,-1.8,0.2,-0.8,-2.6730003,-0.6730003,-1.6730003,0,,,,,,744
51,Kosipe,-8.47,147.2,Farrera et al. (1999),1960,-1100 to -1600,-6 to -5,-5,-6,-5.5,,,,,2.1029091,3.1029091,2.6029091,2.2250004,3.2250004,2.7250004,0.9957256,1.9957256,1.4957256,3.1750011,4.1750011,3.6750011,2,3,2.5,1,2,1.5,0.3269997,1.3269997,0.8269997,1,Malay Archipelago,Eurasia,Southeast Asia,Malay Archipelago,"Brunei, Indonesia, Malaysia, Philippines, Papua New Guinea, Timor-Leste",2098
52,Wainisavulevu,-17.68,178,Farrera et al. (1999),780,,-4 to-3,-3,-4,-3.5,,,,,0.9868183,1.9868183,1.4868183,0.5083332,1.5083332,1.0083332,0.4203548,1.4203548,0.9203548,0.9330006,1.9330006,1.4330006,0,1,0.5,0.5,1.5,1,-1.6730003,-0.6730003,-1.1730003,1,Fiji,Oceania,Melanesia,Fiji,Fiji,824
53,Vicente Lachner,9.71,-83.93,Farrera et al. (1999),2400,-650,-3.6,-3.6,-3.6,-3.6,,,,,-0.5420851,-0.5420851,-0.5420851,1.0291658,1.0291658,1.0291658,0.1994568,0.1994568,0.1994568,0.6500011,0.6500011,0.6500011,-0.4,-0.4,-0.4,0.1,0.1,0.1,-1.0730003,-1.0730003,-1.0730003,1,Chorotega Highlands*,North America,Cordillera Centroamericana,Chorotega Highlands*,"Costa Rica, Nicaragua, Panama",2349
54,La Chonta (2 & 4),9.68,-83.95,Farrera et al. (1999),2310,-1500,-8,-8,-8,-8,,,,,3.8579149,3.8579149,3.8579149,5.458334,5.458334,5.458334,4.5994568,4.5994568,4.5994568,5.0500011,5.0500011,5.0500011,3,3,3,4.5,4.5,4.5,3.3269997,3.3269997,3.3269997,1,Chorotega Highlands*,North America,Cordillera Centroamericana,Chorotega Highlands*,"Costa Rica, Nicaragua, Panama",2258
55,La Chonta (1),9.68,-83.95,Farrera et al. (1999),2310,-1000 to -1400,-7 to-8,-7,-8,-7.5,,,,,2.8579149,3.8579149,3.3579149,4.458334,5.458334,4.958334,3.5994568,4.5994568,4.0994568,4.0500011,5.0500011,4.5500011,2,3,2.5,3.5,4.5,4,2.3269997,3.3269997,2.8269997,1,Chorotega Highlands*,North America,Cordillera Centroamericana,Chorotega Highlands*,"Costa Rica, Nicaragua, Panama",2258
56,El Valle,9,-80,Farrera et al. (1999),500,,-4,-4,-4,-4,,,,,,,,1.2041664,1.2041664,1.2041664,0.6999435,0.6999435,0.6999435,1.0170002,1.0170002,1.0170002,0.7,0.7,0.7,0.7,0.7,0.7,-0.6730003,-0.6730003,-0.6730003,0,,,,,,61
57,El Valle,9,-80,Farrera et al. (1999),550,,-5,-5,-5,-5,,,,,,,,2.2041664,2.2041664,2.2041664,1.6999435,1.6999435,1.6999435,2.0170002,2.0170002,2.0170002,1.7,1.7,1.7,1.7,1.7,1.7,0.3269997,0.3269997,0.3269997,0,,,,,,61
58,Lake La Yeguada,8.45,-80.85,Farrera et al. (1999),650,,-5,-5,-5,-5,,,,,-0.1387348,-0.1387348,-0.1387348,2.4708328,2.4708328,2.4708328,1.5686817,1.5686817,1.5686817,2.092001,2.092001,2.092001,1.5999999,1.5999999,1.5999999,1.5999999,1.5999999,1.5999999,0.3269997,0.3269997,0.3269997,1,Chorotega Highlands*,North America,Cordillera Centroamericana,Chorotega Highlands*,"Costa Rica, Nicaragua, Panama",630
59,San Juan Bosco,3.05,-78.45,Farrera et al. (1999),970,,-7.5,-7.5,-7.5,-7.5,,,,,,,,4.6083336,4.6083336,4.6083336,4.3536358,4.3536358,4.3536358,5.4500008,5.4500008,5.4500008,,,,,,,2.8269997,2.8269997,2.8269997,0,,,,,,0
60,Lake Surucucho (Llavicu),3.05,-78.75,Farrera et al. (1999),3180,-800,-7.5,-7.5,-7.5,-7.5,,,,,,,,4.5874996,4.5874996,4.5874996,4.488224,4.488224,4.488224,5.4500008,5.4500008,5.4500008,,,,,,,2.8269997,2.8269997,2.8269997,0,,,,,,0
61,Mera,1.48,-77.5,Farrera et al. (1999),1100,,-7.5,-7.5,-7.5,-7.5,,,,,4.0447416,4.0447416,4.0447416,4.4833336,4.4833336,4.4833336,3.9501352,3.9501352,3.9501352,5.3669996,5.3669996,5.3669996,6.6,6.6,6.6,3.8,3.8,3.8,2.8269997,2.8269997,2.8269997,1,Northern Andes,South America,Andes,Northern Andes,"Colombia, Ecuador, Peru, Venezuela",946
62,Laguna de Fuquene,5.5,-73.77,Farrera et al. (1999),2580,-1200 to -1500,-6 to -10,-6,-10,-8,,,,,2.1419868,6.1419868,4.1419868,2.9333334,6.9333334,4.9333334,2.4131994,6.4131994,4.4131994,3.8910007,7.8910007,5.8910007,2.2,6.2,4.2,2.3,6.3,4.3,1.3269997,5.3269997,3.3269997,0,,,,,,2542
63,Paramo de Agua Blanca (PABI),5,-74.16,Farrera et al. (1999),3250,-1000 min,-7 to-8,-7,-8,-7.5,,,,,2.7518797,3.7518797,3.2518797,3.9041667,4.9041667,4.4041667,3.3919678,4.3919678,3.8919678,4.8330002,5.8330002,5.3330002,5.3,6.3,5.8,3.3,4.3,3.8,2.3270001,3.3270001,2.8270001,1,Northern Andes,South America,Andes,Northern Andes,"Colombia, Ecuador, Peru, Venezuela",3299
64,La Laguna,4.91,-74.33,Farrera et al. (1999),2900,-400,-3 to-4,-3,-4,-3.5,,,,,-1.2149363,-0.2149363,-0.7149363,-0.0583334,0.9416666,0.4416666,-0.5819759,0.4180241,-0.0819759,0.8829994,1.8829994,1.3829994,-0.2,0.8,0.3,-0.7,0.3,-0.2,-1.6729994,-0.6729994,-1.1729994,1,Northern Andes,South America,Andes,Northern Andes,"Colombia, Ecuador, Peru, Venezuela",2773
65,La Laguna (2nd estimate),4.91,-74.33,Farrera et al. (1999),2900,-900 to -1100,-6 to-8,-6,-8,-7,,,,,1.7850637,3.7850637,2.7850637,2.9416666,4.9416666,3.9416666,2.4180241,4.4180241,3.4180241,3.8829994,5.8829994,4.8829994,2.8,4.8,3.8,2.3,4.3,3.3,1.3270006,3.3270006,2.3270006,1,Northern Andes,South America,Andes,Northern Andes,"Colombia, Ecuador, Peru, Venezuela",2773
66,Sabana de Bogota (CUX),4.83,-74.2,Farrera et al. (1999),2560,-1200 to -1500,-8,-8,-8,-8,,,,,3.7850637,3.7850637,3.7850637,4.9916658,4.9916658,4.9916658,4.4180241,4.4180241,4.4180241,5.8829994,5.8829994,5.8829994,5,5,5,4.3,4.3,4.3,3.3269997,3.3269997,3.3269997,0,,,,,,2709
67,"Parque de los Nevados (TNP21,37,40,51)",4.5,-75.5,Farrera et al. (1999),1800-2940,-500,-6,-6,-6,-6,,,,,2.7086143,2.7086143,2.7086143,2.9083338,2.9083338,2.9083338,2.3366375,2.3366375,2.3366375,3.8579998,3.8579998,3.8579998,2.3,2.3,2.3,2.0999999,2.0999999,2.0999999,1.3270001,1.3270001,1.3270001,1,Northern Andes,South America,Andes,Northern Andes,"Colombia, Ecuador, Peru, Venezuela",3163
68,Lagoa Verde,0.27,-64.41,Farrera et al. (1999),250-300,,-5,-5,-5,-5,,,,,1.3229637,1.3229637,1.3229637,1.8583336,1.8583336,1.8583336,1.7735062,1.7735062,1.7735062,2.3500004,2.3500004,2.3500004,1.9000001,1.9000001,1.9000001,1.8,1.8,1.8,0.3269997,0.3269997,0.3269997,0,,,,,,56
69,Lake Pata,0.26,-66.68,Farrera et al. (1999),300,,-5 to -6,-5,-6,-5.5,,,,,1.2646961,2.2646961,1.7646961,0.2333336,1.2333336,0.7333336,1.5986176,2.5986176,2.0986176,2.25,3.25,2.75,1.3,2.3,1.8,1.8,2.8,2.3,0.3269997,1.3269997,0.8269997,0,,,,,,107
70,Bosumtwi (B7),6.5,-1.41,Farrera et al. (1999),100,,-3 to-4,-3,-4,-3.5,,,,,-1.0850582,-0.0850582,-0.5850582,0.4749985,1.4749985,0.9749985,-0.7588253,0.2411747,-0.2588253,0.4909992,1.4909992,0.9909992,-1,0,-0.5,-0.8,0.2,-0.3,-1.6730003,-0.6730003,-1.1730003,0,,,,,,97
71,unknown,7,-1,Bartlein et al. (2011),,,,-3.5816,-0.4184,-2,-1.2645,0,0,1,-0.7215731,-3.8847731,-2.3031731,1.060766,-2.102434,-0.520834,-0.1177484,-3.2809484,-1.6993484,0.8316,-2.3316,-0.75,-0.1184,-3.2816,-1.7,-0.1184,-3.2816,-1.7,-1.0914003,-4.2546003,-2.6730003,0,,,,,,109
72,unknown,5,9,Bartlein et al. (2011),,,,-4.1653,-2.6347,-3.4,-4.4427,-1,-3.4,1,0.5333573,-0.9972427,-0.2319427,0.7403008,-0.7902992,-0.0249992,0.4765316,-1.0540684,-0.2887684,1.5563007,0.0257007,0.7910007,0.3653,-1.1653,-0.4,0.6653,-0.8653,-0.1,-0.5077003,-2.0383003,-1.2730003,1,Cameroon line,Africa,Central African Highlands,Cameroon line,"Central African Republic, Cameroon, Equatorial Guinea, Nigeria, São Tomé and Príncipe, Chad",552
73,unknown,11,13,Bartlein et al. (2011),,,,-7.4714,-5.3286,-6.4,-5.9735,-1,-6.4,1,2.7792995,0.6364995,1.7078995,5.5172336,3.3744336,4.4458336,4.3733852,2.2305852,3.3019852,2.1544006,0.0116006,1.0830006,4.3714001,2.2286001,3.3000001,4.3714001,2.2286001,3.3000001,2.7983997,0.6555997,1.7269997,0,,,,,,418
74,Sacred Lake,0.03,37.47,Farrera et al. (1999),2400,-1000 to -1100,"-5,1 to -8,8",-5.1,-8.8,-6.95,,,,,0.9594923,4.6594923,2.8094923,2.0208336,5.7208336,3.8708336,1.8710171,5.5710171,3.7210171,2.7919994,6.4919994,4.6419994,1.9,5.6,3.75,1.9,5.6,3.75,0.4269997,4.1269997,2.2769997,1,Eastern Rift mountains,Africa,East African Highlands,Eastern Rift mountains,"Kenya, South Sudan, Tanzania, Uganda",2826
75,Sacred Lake-82,0.03,37.47,Farrera et al. (1999),2400,-700,-4.4,-4.4,-4.4,-4.4,,,,,0.2594923,0.2594923,0.2594923,1.3208336,1.3208336,1.3208336,1.1710171,1.1710171,1.1710171,2.0919994,2.0919994,2.0919994,1.2,1.2,1.2,1.2,1.2,1.2,-0.2730003,-0.2730003,-0.2730003,1,Eastern Rift mountains,Africa,East African Highlands,Eastern Rift mountains,"Kenya, South Sudan, Tanzania, Uganda",2826
76,Lake Rutundu (B),-0.17,37.37,Farrera et al. (1999),3140,-1000 to -1100,"-5,1 to -8,8",-5.1,-8.8,-6.95,,,,,1.1804596,4.8804596,3.0304596,1.6583334,5.3583334,3.5083334,1.8623348,5.5623348,3.7123348,2.725,6.425,4.575,4.1,7.8,5.95,1.8,5.5,3.65,0.4270001,4.1270001,2.2770001,1,Eastern Rift mountains,Africa,East African Highlands,Eastern Rift mountains,"Kenya, South Sudan, Tanzania, Uganda",3734
77,Muchoya Swamp,-1.28,29.8,Farrera et al. (1999),2260,,-4,-4,-4,-4,,,,,-0.8188171,-0.8188171,-0.8188171,1.083334,1.083334,1.083334,-0.0166101,-0.0166101,-0.0166101,1.8499994,1.8499994,1.8499994,-0.1999998,-0.1999998,-0.1999998,0,0,0,-0.6730003,-0.6730003,-0.6730003,1,Albertine Rift Mountains,Africa,East African Highlands,Albertine Rift Mountains,"Burundi, Democratic Republic of the Congo, Rwanda, South Sudan, Tanzania, Uganda, Zambia",2421
78,unknown,-1,29,Bartlein et al. (2011),,,,-1.464,0.164,-0.65,-0.7985,0,0,2,-2.7845857,-4.4125857,-3.5985857,-1.5026672,-3.1306672,-2.3166672,-2.4216573,-4.0496573,-3.2356573,-0.3939998,-2.0219998,-1.2079998,-2.7359998,-4.3639998,-3.5499998,-2.536,-4.164,-3.35,-3.2090003,-4.8370003,-4.0230003,1,Albertine Rift Mountains,Africa,East African Highlands,Albertine Rift Mountains,"Burundi, Democratic Republic of the Congo, Rwanda, South Sudan, Tanzania, Uganda, Zambia",1882
79,unknown,1,35,Bartlein et al. (2011),,,,-1.5224,0.7224,-0.4,-0.3564,0,0,1,-3.1997823,-5.4445823,-4.3221823,-0.1984347,-2.4432347,-1.3208347,-1.6356219,-3.8804219,-2.7580219,-0.5946006,-2.8394006,-1.7170006,-1.8776001,-4.1224001,-3.0000001,-1.8776001,-4.1224001,-3.0000001,-3.1506003,-5.3954003,-4.2730003,0,,,,,,1868
80,unknown,-1,37,Bartlein et al. (2011),,,,-4.0742,-2.4258,-3.25,-3.943,-1,-3.25,2,0.5044597,-1.1439403,-0.3197403,1.3741992,-0.2742008,0.5499992,0.8265746,-0.8218254,0.0023746,1.7241996,0.0757996,0.8999996,0.8742,-0.7742,0.05,0.6741999,-0.9742001,-0.1500001,-0.5988003,-2.2472003,-1.4230003,0,,,,,,1544
81,unknown,1,37,Bartlein et al. (2011),,,,0.8112,2.1888,1.5,2.1777,1,1.5,1,-5.7035674,-7.0811674,-6.3923674,-3.4028672,-4.7804672,-4.0916672,-4.0749615,-5.4525615,-4.7637615,-3.0031994,-4.3807994,-3.6919994,-4.0112,-5.3888,-4.7,-4.1112,-5.4888,-4.8,-5.4842003,-6.8618003,-6.1730003,0,,,,,,1223
82,Colgrain,11.43,76.63,Farrera et al. (1999),2330,,-5 to-2,-2,-5,-3.5,,,,,-0.8403301,2.1596699,0.6596699,0.354166,3.354166,1.854166,-1.4252415,1.5747585,0.0747585,-0.1170006,2.8829994,1.3829994,-1.7,1.3,-0.2,-1.4000001,1.5999999,0.0999999,-2.6730003,0.3269997,-1.1730003,1,Indian Subcontinent Ranges,Eurasia,South Asia,Indian Subcontinent Ranges,India,2270
83,Sandynallah,11.43,76.63,Farrera et al. (1999),2200,-800,-5,-5,-5,-5,,,,,2.1596699,2.1596699,2.1596699,3.354166,3.354166,3.354166,1.5747585,1.5747585,1.5747585,2.8829994,2.8829994,2.8829994,1.3,1.3,1.3,1.5999999,1.5999999,1.5999999,0.3269997,0.3269997,0.3269997,1,Indian Subcontinent Ranges,Eurasia,South Asia,Indian Subcontinent Ranges,India,2270
84,Peasim sim,2.17,98.08,Farrera et al. (1999),1450,,-3,-3,-3,-3,,,,,0.0329132,0.0329132,0.0329132,-0.1333332,-0.1333332,-0.1333332,-0.090477,-0.090477,-0.090477,1.1749992,1.1749992,1.1749992,,,,0,0,0,-1.6730003,-1.6730003,-1.6730003,0,,,,,,0
85,Danau Di Atas,1.05,100.77,Farrera et al. (1999),1535,,3 min,3,3,3,,,,,-6.9095592,-6.9095592,-6.9095592,-6.8875008,-6.8875008,-6.8875008,-6.5829811,-6.5829811,-6.5829811,-4.9169998,-4.9169998,-4.9169998,-6.5,-6.5,-6.5,-6.5,-6.5,-6.5,-7.6730003,-7.6730003,-7.6730003,0,,,,,,29
86,Wanda wand,-2.55,121.38,Farrera et al. (1999),440,,-3 to -2,-2,-3,-2.5,,,,,-1.3161011,-0.3161011,-0.8161011,-0.7416668,0.2583332,-0.2416668,-1.9111881,-0.9111881,-1.4111881,0.25,1.25,0.75,-2,-1,-1.5,-1.7,-0.7,-1.2,-2.6730003,-1.6730003,-2.1730003,0,,,,,,530
87,Lake Hordorli Lake,-2.53,140.55,Farrera et al. (1999),780,,-1 to -2,-1,-2,-1.5,,,,,-1.6941299,-0.6941299,-1.1941299,-1.7000008,-0.7000008,-1.2000008,-2.2043743,-1.2043743,-1.7043743,-0.9080009,0.0919991,-0.4080009,1.4,2.4,1.9,-2.2,-1.2,-1.7,-3.6730003,-2.6730003,-3.1730003,1,Malay Archipelago,Eurasia,Southeast Asia,Malay Archipelago,"Brunei, Indonesia, Malaysia, Philippines, Papua New Guinea, Timor-Leste",727
88,unknown,29,-99,Bartlein et al. (2011),,,,-5.3571,-4.6429,-5,-14.0017,-1,-5,1,-1.7333608,-2.4475608,-2.0904608,0.940434,0.226234,0.583334,-3.1775975,-3.8917975,-3.5346975,2.0740991,1.3598991,1.7169991,-3.0428996,-3.7570996,-3.3999996,-3.1429,-3.8571,-3.5,0.6840997,-0.0301003,0.3269997,0,,,,,,181
89,Laguna Quexil (80-1),16.91,-89.81,Farrera et al. (1999),110,,"-6,5 to-8",-6.5,-8,-7.25,,,,,3.6694832,5.1694832,4.4194832,4.1375008,5.6375008,4.8875008,3.0499554,4.5499554,3.7999554,4.2999992,5.7999992,5.0499992,3,4.5,3.75,3,4.5,3.75,1.8269997,3.3269997,2.5769997,0,,,,,,134
90,unknown,27,-81,Bartlein et al. (2011),,,,-3.1001,-1.0099,-2.055,-1.9663,0,0,1,-1.2565723,-3.3467723,-2.3016723,1.2917676,-0.7984324,0.2466676,-1.5690513,-3.6592513,-2.6141513,0.4170994,-1.6731006,-0.6280006,-1.0998998,-3.1900998,-2.1449998,-1.0998998,-3.1900998,-2.1449998,-1.5729003,-3.6631003,-2.6180003,0,,,,,,6
91,unknown,21,19,Bartlein et al. (2011),,,,-7.7265,-5.0735,-6.4,-4.8247,-1,-6.4,1,3.6331801,0.9801801,2.3066801,3.455666,0.802666,2.129166,2.601644,-0.051356,1.275144,2.6174998,-0.0355002,1.2909998,2.7265,0.0735,1.4,2.6265001,-0.0264999,1.3000001,3.0534997,0.4004997,1.7269997,0,,,,,,965
92,Sankhu,27.68,85.4,Farrera et al. (1999),1500,,-6 to-8,-6,-8,-7,,,,,1.2968836,3.2968836,2.2968836,2.6791677,4.6791677,3.6791677,2.0669546,4.0669546,3.0669546,2.282999,4.282999,3.282999,2.4000001,4.4000001,3.4000001,2.4000001,4.4000001,3.4000001,1.3269997,3.3269997,2.3269997,0,,,,,,1311
93,Daganba,26.5,105.7,Farrera et al. (1999),1335,,-6,-6,-6,-6,,,,,2.6391258,2.6391258,2.6391258,3.9041672,3.9041672,3.9041672,2.5298576,2.5298576,2.5298576,3.6170006,3.6170006,3.6170006,3.2,3.2,3.2,2.5999999,2.5999999,2.5999999,1.3269997,1.3269997,1.3269997,1,South China Mountains,Eurasia,East Asia,South China Mountains,"China, Hong Kong, Taiwan, Vietnam",1459
94,Bihen evin Bihengyin,25.8,105.4,Farrera et al. (1999),1250,,-5 min,-5,-5,-5,,,,,1.9072475,1.9072475,1.9072475,3.3291664,3.3291664,3.3291664,1.4928846,1.4928846,1.4928846,3.0669994,3.0669994,3.0669994,1.0999999,1.0999999,1.0999999,1.5,1.5,1.5,0.3269997,0.3269997,0.3269997,1,South China Mountains,Eurasia,East Asia,South China Mountains,"China, Hong Kong, Taiwan, Vietnam",758
95,Mangyang (N),22,100.5,Farrera et al. (1999),1200,,"-1,5 to -3",-1.5,-3,-2.25,,,,,-2.376544,-0.876544,-1.626544,-1.1750011,0.3249989,-0.4250011,-2.0556021,-0.5556021,-1.3056021,0.2830009,1.7830009,1.0330009,-2.0999999,-0.5999999,-1.3499999,-2,-0.5,-1.25,-3.1730003,-1.6730003,-2.4230003,0,,,,,,1202
96,Nonggong Lake (TH3),22,100,Farrera et al. (1999),1170,,0,0,0,0,,,,,-3.9031181,-3.9031181,-3.9031181,-2.666666,-2.666666,-2.666666,-3.589344,-3.589344,-3.589344,-1.1749992,-1.1749992,-1.1749992,-3.4000001,-3.4000001,-3.4000001,-3.5,-3.5,-3.5,-4.6730003,-4.6730003,-4.6730003,1,Indochinese Peninsula,Eurasia,Southeast Asia,Indochinese Peninsula,"Bangladesh, China, India, Cambodia, Laos, Myanmar, Malaysia, Thailand, Vietnam",1045
97,Ducun (827),31,120.4,Farrera et al. (1999),3,,-7 to-10,-7,-10,-8.5,,,,,,,,3.8249998,6.8249998,5.3249998,2.0586119,5.0586119,3.5586119,0.3659992,3.3659992,1.8659992,1.8000002,4.8000002,3.3000002,1.8000002,4.8000002,3.3000002,2.3269997,5.3269997,3.8269997,0,,,,,,0
98,Sanshut (KS),23.1,112.8,Farrera et al. (1999),40,,-7,-7,-7,-7,,,,,4.0322075,4.0322075,4.0322075,4.875,4.875,4.875,3.2770481,3.2770481,3.2770481,4.3829994,4.3829994,4.3829994,3.5,3.5,3.5,3.5,3.5,3.5,2.3269997,2.3269997,2.3269997,0,,,,,,4
99,Henglan (PK 19),22.5,113.2,Farrera et al. (1999),30,,-7,-7,-7,-7,,,,,,,,4.979166,4.979166,4.979166,2.9198189,2.9198189,2.9198189,4.4090004,4.4090004,4.4090004,3.2,3.2,3.2,3.2,3.2,3.2,2.3269997,2.3269997,2.3269997,0,,,,,,1
100,unknown,45,-123,Bartlein et al. (2011),,,,-6.2818,-3.4682,-4.875,-3.4653,-1,-4.875,1,1.6811182,-1.1324818,0.2743182,0.4567992,-2.3568008,-0.9500008,-0.5926125,-3.4062125,-1.9994125,1.9988,-0.8148,0.592,-0.1182001,-2.9318001,-1.5250001,-0.1182001,-2.9318001,-1.5250001,1.6088001,-1.2047999,0.2020001,0,,,,,,50
101,unknown,47,-123,Bartlein et al. (2011),,,,-9.1073,-6.5787,-7.843,-6.2034,-1,-7.843,1,3.8118994,1.2832994,2.5475994,3.0572993,0.5286993,1.7929993,-3.136812,-5.665412,-4.401112,4.1572997,1.6286997,2.8929997,-3.9927004,-6.5213004,-5.2570004,-3.8927,-6.4213,-5.157,4.4343001,1.9057001,3.1700001,0,,,,,,78
102,unknown,45,-121,Bartlein et al. (2011),,,,3.0703,3.7377,3.404,10.2008,1,3.404,1,-9.8916997,-10.5590997,-10.2253997,-9.4744672,-10.1418672,-9.8081672,-13.0897702,-13.7571702,-13.4234702,-8.0703,-8.7377,-8.404,-13.3703002,-14.0377002,-13.7040002,-11.9702996,-12.6376996,-12.3039996,-7.7432999,-8.4106999,-8.0769999,1,Intermountain West,North America,American Cordillera (North America),Intermountain West,"Canada, Mexico, United States",996
103,unknown,33,-109,Bartlein et al. (2011),,,,-9.0504,-7.6186,-8.3345,-11.6418,-1,-8.3345,2,1.9917767,0.5599767,1.2758767,3.5753996,2.1435996,2.8594996,2.1696832,0.7378832,1.4537832,3.3084004,1.8766004,2.5925004,2.5504,1.1186,1.8345,2.3504002,0.9186002,1.6345002,4.3773997,2.9455997,3.6614997,1,Intermountain West,North America,American Cordillera (North America),Intermountain West,"Canada, Mexico, United States",1912
104,unknown,39,-93,Bartlein et al. (2011),,,,-16.9852,-15.1588,-16.072,-17.5996,-1,-16.072,1,3.1480704,1.3216704,2.2348704,-2.243966,-4.070366,-3.157166,-0.5672197,-2.3936197,-1.4804197,5.8272,4.0008,4.914,-0.3147992,-2.1411992,-1.2279992,-0.3147992,-2.1411992,-1.2279992,12.3121997,10.4857997,11.3989997,0,,,,,,197
105,unknown,41,-91,Bartlein et al. (2011),,,,-16.9404,-13.2136,-15.077,-8.0911,-1,-15.077,1,2.7656201,-0.9611799,0.9022201,-4.8179332,-8.5447332,-6.6813332,-1.5289947,-5.2557947,-3.3923947,0.4563988,-3.2704012,-1.4070012,-1.3595992,-5.0863992,-3.2229992,-1.3595992,-5.0863992,-3.2229992,12.2674001,8.5406001,10.4040001,0,,,,,,161
106,unknown,35,-85,Bartlein et al. (2011),,,,-13.2529,-12.2601,-12.7565,-25.6998,-1,-12.7565,2,3.726756,2.733956,3.230356,4.6195658,3.6267658,4.1231658,3.8210572,2.8282572,3.3246572,8.7859,7.7931,8.2895,3.8529004,2.8601004,3.3565004,3.9528998,2.9600998,3.4564998,8.5799006,7.5871006,8.0835006,0,,,,,,288
107,unknown,37,-85,Bartlein et al. (2011),,,,-12.2598,-10.9632,-11.6115,-17.9099,-1,-11.6115,2,0.8410311,-0.4555689,0.1927311,-0.4152002,-1.7118002,-1.0635002,-0.2173824,-1.5139824,-0.8656824,3.4018002,2.1052002,2.7535002,0.5598002,-0.7367998,-0.0884998,0.4597998,-0.8368002,-0.1885002,7.5868006,6.2902006,6.9385006,0,,,,,,285
108,unknown,33,-81,Bartlein et al. (2011),,,,-4.2551,-3.7449,-4,-15.6801,-1,-4,1,-4.3630202,-4.8732202,-4.6181202,0.2842672,-0.2259328,0.0291672,-3.2204239,-3.7306239,-3.4755239,0.6460998,0.1358998,0.3909998,-3.0449002,-3.5551002,-3.3000002,-3.0449002,-3.5551002,-3.3000002,-0.4179003,-0.9281003,-0.6730003,0,,,,,,40
109,unknown,35,-81,Bartlein et al. (2011),,,,-16.2918,-14.7262,-15.509,-19.8122,-1,-15.509,1,6.4004044,4.8348044,5.6176044,10.5542989,8.9886989,9.7714989,7.3316731,5.7660731,6.5488731,11.8757996,10.3101996,11.0929996,7.3918004,5.8262004,6.6090004,7.2918,5.7262,6.509,11.6187997,10.0531997,10.8359997,0,,,,,,161
110,unknown,33,-79,Bartlein et al. (2011),,,,-15.0191,-13.5329,-14.276,-19.2114,-1,-14.276,1,4.4029196,2.9167196,3.6598196,11.3982676,9.9120676,10.6551676,8.1172016,6.6310016,7.3741016,11.4101007,9.9239007,10.6670007,,,,,,,10.3460997,8.8598997,9.6029997,0,,,,,,0
111,unknown,35,-79,Bartlein et al. (2011),,,,-16.2118,-15.0302,-15.621,-26.4404,-1,-15.621,1,6.1161198,4.9345198,5.5253198,11.1701321,9.9885321,10.5793321,6.9624037,5.7808037,6.3716037,11.8287996,10.6471996,11.2379996,7.0118002,5.8302002,6.4210002,7.0118002,5.8302002,6.4210002,11.5387997,10.3571997,10.9479997,0,,,,,,63
112,unknown,37,-77,Bartlein et al. (2011),,,,-15.2123,-14.7337,-14.973,-62.57,-1,-14.973,1,3.2519662,2.7733662,3.0126662,8.4539668,7.9753668,8.2146668,2.5334823,2.0548823,2.2941823,7.0532996,6.5746996,6.8139996,2.4122998,1.9336998,2.1729998,2.4122998,1.9336998,2.1729998,10.5393006,10.0607006,10.3000006,0,,,,,,34
113,unknown,41,-75,Bartlein et al. (2011),,,,-8.8577,-7.9023,-8.38,-17.5424,-1,-8.38,1,-12.2569107,-13.2123107,-12.7346107,-4.5089668,-5.4643668,-4.9866668,-10.8129791,-11.7683791,-11.2906791,-7.6512989,-8.6066989,-8.1289989,-11.0422996,-11.9976996,-11.5199996,-10.9422992,-11.8976992,-11.4199992,4.1847001,3.2293001,3.7070001,0,,,,,,274
114,unknown,43,-7,Bartlein et al. (2011),,,,-10.9786,-5.6214,-8.3,-3.0986,-1,-8.3,1,4.5495248,-0.8076752,1.8709248,7.4536004,2.0964004,4.7750004,6.8754582,1.5182582,4.1968582,3.9535999,-1.4036001,1.2749999,7.1786,1.8214,4.5,6.6785998,1.3213998,3.9999998,6.3056001,0.9484001,3.6270001,1,Southwest European Highlands,Eurasia,Europe,Southwest European Highlands,"Andorra, Spain, France, Portugal",555
115,unknown,37,-3,Bartlein et al. (2011),,,,-8.299,-5.901,-7.1,-5.9216,-1,-7.1,1,2.7859809,0.3879809,1.5869809,3.403166,1.005166,2.204166,3.9813196,1.5833196,2.7823196,2.9820006,0.5840006,1.7830006,4.499,2.101,3.3,3.8989999,1.5009999,2.6999999,3.6259997,1.2279997,2.4269997,1,Southwest European Highlands,Eurasia,Europe,Southwest European Highlands,"Andorra, Spain, France, Portugal",818
116,unknown,43,-1,Bartlein et al. (2011),,,,-4.9112,-1.9888,-3.45,-2.3611,-1,-3.45,2,-0.8637205,-3.7861205,-2.3249205,0.4820337,-2.4403663,-0.9791663,0.3222851,-2.6001149,-1.1389149,-1.3967996,-4.3191996,-2.8579996,0.6111998,-2.3112002,-0.8500002,0.1111998,-2.8112002,-1.3500002,0.2382001,-2.6841999,-1.2229999,1,Southwest European Highlands,Eurasia,Europe,Southwest European Highlands,"Andorra, Spain, France, Portugal",1232
117,unknown,43,3,Bartlein et al. (2011),,,,-8.5367,-4.8633,-6.7,-3.6478,-1,-6.7,1,2.5368268,-1.1365732,0.7001268,4.8325326,1.1591326,2.9958326,3.3187807,-0.3546193,1.4820807,2.6206996,-1.0527004,0.7839996,3.0367,-0.6367,1.2,3.0367,-0.6367,1.2,3.8636997,0.1902997,2.0269997,0,,,,,,112
118,unknown,45,3,Bartlein et al. (2011),,,,-11.5786,-6.2214,-8.9,-3.3226,-1,-8.9,1,4.4511486,-0.9060514,1.7725486,7.5869337,2.2297337,4.9083337,6.3392149,0.9820149,3.6606149,4.5286003,-0.8285997,1.8500003,6.0786,0.7214,3.4,6.0786,0.7214,3.4,6.9056001,1.5484001,4.2270001,0,,,,,,1014
119,unknown,45,5,Bartlein et al. (2011),,,,-16.1704,-11.6296,-13.9,-6.1223,-1,-13.9,1,9.5863584,5.0455584,7.3159584,12.191233,7.650433,9.920833,10.6385473,6.0977473,8.3681473,9.2284006,4.6876006,6.9580006,10.3703998,5.8295998,8.0999998,10.3703998,5.8295998,8.0999998,11.4973997,6.9565997,9.2269997,0,,,,,,175
120,unknown,47,7,Bartlein et al. (2011),,,,-12.9837,-9.6163,-11.3,-6.7114,-1,-11.3,1,6.6675942,3.3001942,4.9838942,8.900367,5.532967,7.216667,6.636801,3.269401,4.953101,4.7337,1.3663,3.05,7.6836998,4.3162998,5.9999998,6.1836998,2.8162998,4.4999998,8.3107001,4.9433001,6.6270001,0,,,,,,423
121,unknown,41,13,Bartlein et al. (2011),,,,-9.4316,-3.7684,-6.6,-2.3308,-1,-6.6,1,,,,5.8315996,0.1683996,2.9999996,3.7530045,-1.9101955,0.9214045,5.0146002,-0.6485998,2.1830002,,,,,,,4.7585997,-0.9046003,1.9269997,0,,,,,,0
122,unknown,41,15,Bartlein et al. (2011),,,,-7.7684,-3.4316,-5.6,-2.5825,-1,-5.6,1,2.7093618,-1.6274382,0.5409618,4.1392334,-0.1975666,1.9708334,1.9135073,-2.4232927,-0.2548927,3.4264,-0.9104,1.258,1.2684,-3.0684,-0.9,1.6684001,-2.6683999,-0.4999999,3.0954006,-1.2413994,0.9270006,0,,,,,,392
123,unknown,39,21,Bartlein et al. (2011),,,,-10.1408,-6.0592,-8.1,-3.969,-1,-8.1,1,5.1429658,1.0613658,3.1021658,7.0699668,2.9883668,5.0291668,4.6877799,0.6061799,2.6469799,5.7408004,1.6592004,3.7000004,,,,4.6408,0.5592,2.6,5.4677997,1.3861997,3.4269997,0,,,,,,0
124,unknown,41,21,Bartlein et al. (2011),,,,-7.3939,-3.0061,-5.2,-2.3702,-1,-5.2,1,2.4247332,-1.9630668,0.2308332,3.8688994,-0.5189006,1.6749994,1.6219545,-2.7658455,-0.5719455,3.4018999,-0.9859001,1.2079999,1.5938998,-2.7939002,-0.6000002,1.5938998,-2.7939002,-0.6000002,2.7209001,-1.6668999,0.5270001,0,,,,,,846
125,unknown,39,23,Bartlein et al. (2011),,,,-6.9347,-3.4653,-5.2,-2.9976,-1,-5.2,1,2.8431206,-0.6262794,1.1084206,3.8388662,0.3694662,2.1041662,1.3213024,-2.1480976,-0.4133976,2.6926994,-0.7767006,0.9579994,,,,1.4347,-2.0347,-0.3,2.2616997,-1.2077003,0.5269997,1,Southeast European Highlands,Eurasia,Europe,Southeast European Highlands,"Albania, Bulgaria, Bosnia and Herzegovina, Greece, Croatia, Hungary, Italy, Macedonia, Montenegro, Romania, Serbia, Slovenia, Turkey, Kosovo",280
126,unknown,41,25,Bartlein et al. (2011),,,,-7.549,-2.651,-5.1,-2.0825,-1,-5.1,1,3.2443363,-1.6536637,0.7953363,4.2823336,-0.6156664,1.8333336,1.6131737,-3.2848263,-0.8358263,3.5409996,-1.3570004,1.0919996,1.4490001,-3.4489999,-0.9999999,1.549,-3.349,-0.9,2.8760006,-2.0219994,0.4270006,0,,,,,,39
127,unknown,37,29,Bartlein et al. (2011),,,,-3.0367,0.6367,-1.2,-0.6533,0,0,1,-1.1825907,-4.8559907,-3.0192907,0.4492004,-3.2241996,-1.3874996,-1.8941252,-5.5675252,-3.7308252,-1.4882996,-5.1616996,-3.3249996,-1.5632999,-5.2366999,-3.3999999,-1.7633002,-5.4367002,-3.6000002,-1.6362994,-5.3096994,-3.4729994,1,Anatolian / Armenian Highlands,Eurasia,Western Asia,Anatolian / Armenian Highlands,"Armenia, Azerbaijan, Georgia, Greece, Iran, Iraq, Turkey",721
128,unknown,39,31,Bartlein et al. (2011),,,,-5.3306,-2.2694,-3.8,-2.4827,-1,-3.8,1,1.1505401,-1.9106599,-0.3800599,2.0931003,-0.9680997,0.5625003,0.199094,-2.862106,-1.331506,0.4895994,-2.5716006,-1.0410006,0.1306002,-2.9305998,-1.3999998,-0.0694001,-3.1306001,-1.6000001,0.6576001,-2.4035999,-0.8729999,1,Anatolian / Armenian Highlands,Eurasia,Western Asia,Anatolian / Armenian Highlands,"Armenia, Azerbaijan, Georgia, Greece, Iran, Iraq, Turkey",1092
129,unknown,47,31,Bartlein et al. (2011),,,,-10.1022,-7.6312,-8.8667,-7.1768,-1,-8.8667,3,4.0269503,1.5559503,2.7914503,5.6605329,3.1895329,4.4250329,0.3687062,-2.1022938,-0.8667938,5.5771999,3.1061999,4.3416999,0.4022002,-2.0687998,-0.8332998,0.3021998,-2.1688002,-0.9333002,5.4292001,2.9582001,4.1937001,0,,,,,,0
130,unknown,35,35,Bartlein et al. (2011),,,,-12.8602,-9.3398,-11.1,-6.3061,-1,-11.1,1,,,,9.4893656,5.9689656,7.7291656,8.7357274,5.2153274,6.9755274,7.8431998,4.3227998,6.0829998,,,,,,,8.1871997,4.6667997,6.4269997,0,,,,,,0
131,unknown,47,39,Bartlein et al. (2011),,,,-15.1985,-11.3015,-13.25,-6.8002,-1,-13.25,2,9.4000457,5.5030457,7.4515457,11.2526673,7.3556673,9.3041673,6.6017784,2.7047784,4.6532784,9.7235001,5.8265001,7.7750001,,,,,,,10.5255001,6.6285001,8.5770001,0,,,,,,0
132,unknown,41,41,Bartlein et al. (2011),,,,-9.5978,-7.5022,-8.55,-8.1596,-1,-8.55,2,5.8625953,3.7669953,4.8147953,3.5811336,1.4855336,2.5333336,4.6841605,2.5885605,3.6363605,1.8478,-0.2478,0.8,6.3978,4.3022,5.35,4.7977998,2.7021998,3.7499998,4.9248001,2.8292001,3.8770001,1,Anatolian / Armenian Highlands,Eurasia,Western Asia,Anatolian / Armenian Highlands,"Armenia, Azerbaijan, Georgia, Greece, Iran, Iraq, Turkey",945
133,unknown,43,41,Bartlein et al. (2011),,,,-9.2682,-7.4818,-8.375,-9.376,-1,-8.375,4,5.7137938,3.9273938,4.8205938,4.5056992,2.7192992,3.6124992,4.2470189,2.4606189,3.3538189,2.1262003,0.3398003,1.2330003,4.3681999,2.5817999,3.4749999,4.4681998,2.6817998,3.5749998,4.5952006,2.8088006,3.7020006,0,,,,,,6
134,unknown,41,45,Bartlein et al. (2011),,,,-12.7784,-9.4216,-11.1,-6.6133,-1,-11.1,2,8.8303433,5.4735433,7.1519433,6.3617335,3.0049335,4.6833335,8.7873724,5.4305724,7.1089724,3.8693996,0.5125996,2.1909996,9.2784,5.9216,7.6,8.6784001,5.3216001,7.0000001,8.1054001,4.7486001,6.4270001,1,Caucasus Mountains,Eurasia,Western Asia,Caucasus Mountains,"Armenia, Azerbaijan, Georgia, Russia, Turkey, Caspian Sea",1398
135,unknown,35,47,Bartlein et al. (2011),,,,-8.0755,-5.5245,-6.8,-5.3312,-1,-6.8,1,2.9980283,0.4470283,1.7225283,2.1213326,-0.4296674,0.8458326,2.1445327,-0.4064673,0.8690327,0.8924994,-1.6585006,-0.3830006,1.5755,-0.9755,0.3,1.7754998,-0.7755002,0.4999998,3.4025006,0.8515006,2.1270006,1,Iranian Plateau,Eurasia,Western Asia,Iranian Plateau,"Afghanistan, Azerbaijan, Iran, Iraq, Pakistan, Turkmenistan, Turkey, Caspian Sea",1660
136,unknown,39,73,Bartlein et al. (2011),,,,-8.5153,-4.4847,-6.5,-3.2253,-1,-6.5,1,2.8695047,-1.1610953,0.8542047,1.348633,-2.681967,-0.666667,3.6838123,-0.3467877,1.6685123,-0.2097004,-4.2403004,-2.2250004,2.3153002,-1.7152998,0.3000002,3.3153002,-0.7152998,1.3000002,3.8423006,-0.1882994,1.8270006,1,Pamir Mountains,Eurasia,Central Asia,Pamir Mountains,"Afghanistan, China, Kyrgyzstan, Pakistan, Tajikistan",5161
137,unknown,41,75,Bartlein et al. (2011),,,,1.7589,2.8411,2.3,4.2502,1,2.3,2,-6.478598,-7.560798,-7.019698,-8.3089002,-9.3911002,-8.8500002,-6.4996198,-7.5818198,-7.0407198,-10.1419004,-11.2241004,-10.6830004,-6.8588999,-7.9410999,-7.3999999,-6.7589,-7.8411,-7.3,-6.4318999,-7.5140999,-6.9729999,1,Tian Shan,Eurasia,Central Asia,Tian Shan,"Afghanistan, China, Kazakhstan, Kyrgyzstan, Tajikistan, Turkmenistan, Uzbekistan",3054
138,Chabyer (ZK91-2),31.3,84.1,Farrera et al. (1999),4421,,-6,-6,-6,-6,,,,,1.2340527,1.2340527,1.2340527,2.3208332,2.3208332,2.3208332,0.9048061,0.9048061,0.9048061,0.6999998,0.6999998,0.6999998,0.5,0.5,0.5,0.8000002,0.8000002,0.8000002,1.3270001,1.3270001,1.3270001,1,Tibetan Plateau,Eurasia,Central Asia,Tibetan Plateau,"China, India, Myanmar, Pakistan",4548
139,unknown,37,101,Bartlein et al. (2011),,,,-6.2806,-3.2194,-4.75,-3.1034,-1,-4.75,1,1.3949641,-1.6662359,-0.1356359,1.8889336,-1.1722664,0.3583336,1.8023962,-1.2588038,0.2717962,-0.5193997,-3.5805997,-2.0499997,1.7806,-1.2806,0.25,1.7806,-1.2806,0.25,1.6076001,-1.4535999,0.0770001,0,,,,,,3100
140,unknown,47,111,Bartlein et al. (2011),,,,-9.1771,-6.7229,-7.95,-6.4784,-1,-7.95,2,2.7113898,0.2571898,1.4842898,3.0521,0.5979,1.825,2.6963294,0.2421294,1.4692294,0.6520994,-1.8021006,-0.5750006,2.6771,0.2229,1.45,2.5771001,0.1229001,1.3500001,4.5041001,2.0499001,3.2770001,0,,,,,,1272
141,Suzhou (59),31.3,120.6,Farrera et al. (1999),2,,-7.5,-7.5,-7.5,-7.5,,,,,2.7973013,2.7973013,2.7973013,4.3041658,4.3041658,4.3041658,2.3585615,2.3585615,2.3585615,0.8659992,0.8659992,0.8659992,2.3000002,2.3000002,2.3000002,2.3000002,2.3000002,2.3000002,2.8269997,2.8269997,2.8269997,0,,,,,,8
142,Wuhu (Zk13),31.3,118.3,Farrera et al. (1999),9.6,,-7 (-9 max),-7,-9,-8,,,,,2.6671782,4.6671782,3.6671782,3.0541668,5.0541668,4.0541668,2.4259968,4.4259968,3.4259968,0.3999996,2.3999996,1.3999996,2.3000002,4.3000002,3.3000002,2.1999998,4.1999998,3.1999998,2.3269997,4.3269997,3.3269997,0,,,,,,1
143,unknown,35,135,Bartlein et al. (2011),,,,-11.2362,-8.9638,-10.1,-8.8889,-1,-10.1,2,5.5492598,3.2768598,4.4130598,7.9195334,5.6471334,6.7833334,3.7787944,1.5063944,2.6425944,3.5442001,1.2718001,2.4080001,4.5362002,2.2638002,3.4000002,4.0362002,1.7638002,2.9000002,6.5631997,4.2907997,5.4269997,0,,,,,,88
144,unknown,65,-147,Bartlein et al. (2011),,,,-4.5283,-2.2559,-3.3921,-2.9853,-1,-3.3921,2,2.6785123,0.4061123,1.5423123,8.569966,6.297566,7.433766,-2.7923906,-5.0647906,-3.9285906,1.8283002,-0.4440998,0.6921002,-1.7717002,-4.0441002,-2.9079002,-2.2717002,-4.5441002,-3.4079002,-0.1446999,-2.4170999,-1.2808999,1,Alaska-Yukon Ranges,North America,American Cordillera (North America),Alaska-Yukon Ranges,"Canada, Russia, United States",206
145,unknown,49,27,Bartlein et al. (2011),,,,-12.4278,-9.5056,-10.9667,-7.5057,-1,-10.9667,3,5.5841835,2.6619835,4.1230835,4.344466,1.422266,2.883366,1.7466791,-1.1755209,0.2855791,6.1368001,3.2146001,4.6757001,1.6277998,-1.2944002,0.1666998,1.7278002,-1.1943998,0.2667002,7.7548001,4.8326001,6.2937001,0,,,,,,310
146,unknown,57,37,Bartlein et al. (2011),,,,-13.8174,-10.6826,-12.25,-7.8154,-1,-12.25,2,2.6018181,-0.5329819,1.0344181,-0.3367672,-3.4715672,-1.9041672,-2.6022587,-5.7370587,-4.1696587,4.5344,1.3996,2.967,-2.3826008,-5.5174008,-3.9500008,-2.2826004,-5.4174004,-3.8500004,9.1444001,6.0096001,7.5770001,0,,,,,,139
147,unknown,57,39,Bartlein et al. (2011),,,,-13.8497,-10.1503,-12,-6.4877,-1,-12,2,3.3171168,-0.3822832,1.4674168,0.2122002,-3.4871998,-1.6374998,-1.7799902,-5.4793902,-3.6296902,5.5667,1.8673,3.717,-1.3502998,-5.0496998,-3.1999998,-1.4503002,-5.1497002,-3.3000002,9.1767001,5.4773001,7.3270001,0,,,,,,127
148,unknown,59,39,Bartlein et al. (2011),,,,-11.7298,-7.6702,-9.7,-4.7787,-1,-9.7,2,-0.9232437,-4.9828437,-2.9530437,-1.7452004,-5.8048004,-3.7750004,-6.0410759,-10.1006759,-8.0708759,1.5217998,-2.5378002,-0.5080002,-5.7702,-9.8298,-7.8,-5.7702,-9.8298,-7.8,7.0568001,2.9972001,5.0270001,0,,,,,,162
149,unknown,57,41,Bartlein et al. (2011),,,,-9.0408,-4.9592,-7,-3.43,-1,-7,1,-1.3852721,-5.4668721,-3.4260721,-4.1425324,-8.2241324,-6.1833324,-5.6586648,-9.7402648,-7.6994648,1.5658001,-2.5157999,-0.4749999,-5.6591998,-9.7407998,-7.6999998,-5.6591998,-9.7407998,-7.6999998,4.3678001,0.2862001,2.3270001,0,,,,,,110
150,unknown,55,57,Bartlein et al. (2011),,,,-5.2196,-2.9304,-4.075,-3.5603,-1,-4.075,4,-2.7079246,-4.9971246,-3.8525246,-2.7345669,-5.0237669,-3.8791669,-3.4381663,-5.7273663,-4.5827663,-0.3394,-2.6286,-1.484,-3.2804,-5.5696,-4.425,-3.3804004,-5.6696004,-4.5250004,0.5466001,-1.7425999,-0.5979999,0,,,,,,183
151,unknown,57,63,Bartlein et al. (2011),,,,-8.2298,-5.0702,-6.65,-4.2093,-1,-6.65,2,-1.0707018,-4.2303018,-2.6505018,-0.6285336,-3.7881336,-2.2083336,-1.6106083,-4.7702083,-3.1904083,2.7377999,-0.4218001,1.1579999,-1.4701998,-4.6297998,-3.0499998,-1.4701998,-4.6297998,-3.0499998,3.5568001,0.3972001,1.9770001,0,,,,,,122
152,unknown,65,65,Bartlein et al. (2011),,,,-8.3819,-4.8181,-6.6,-3.7039,-1,-6.6,3,-4.4997681,-8.0635681,-6.2816681,-6.4097651,-9.9735651,-8.1916651,-9.0832432,-12.6470432,-10.8651432,-0.5340994,-4.0978994,-2.3159994,-9.0180996,-12.5818996,-10.7999996,-9.0180996,-12.5818996,-10.7999996,3.7089006,0.1451006,1.9270006,0,,,,,,8
153,unknown,65,67,Bartlein et al. (2011),,,,-8.1004,-5.6996,-6.9,-5.7482,-1,-6.9,3,-4.82022,-7.22102,-6.02062,-6.4954338,-8.8962338,-7.6958338,-9.1490888,-11.5498888,-10.3494888,-0.8825998,-3.2833998,-2.0829998,-9.0996008,-11.5004008,-10.3000008,-9.0996008,-11.5004008,-10.3000008,3.4273997,1.0265997,2.2269997,0,,,,,,60
154,unknown,57,69,Bartlein et al. (2011),,,,-10.533,-6.967,-8.75,-4.9074,-1,-8.75,2,0.9483233,-2.6176767,-0.8346767,0.762166,-2.803834,-1.020834,0.6391096,-2.9268904,-1.1438904,4.1080003,0.5420003,2.3250003,0.533,-3.033,-1.25,0.533,-3.033,-1.25,5.8600001,2.2940001,4.0770001,0,,,,,,73
155,unknown,59,69,Bartlein et al. (2011),,,,-9.3331,-7.3069,-8.32,-8.212,-1,-8.32,5,-0.7954591,-2.8216591,-1.8085591,-0.5127328,-2.5389328,-1.5258328,-2.2146915,-4.2408915,-3.2277915,2.3671004,0.3409004,1.3540004,-2.0668996,-4.0930996,-3.0799996,-2.0668996,-4.0930996,-3.0799996,4.6601001,2.6339001,3.6470001,0,,,,,,42
156,unknown,57,71,Bartlein et al. (2011),,,,-10.2636,-7.6364,-8.95,-6.8133,-1,-8.95,4,0.6503788,-1.9768212,-0.6632212,0.1011006,-2.5260994,-1.2124994,0.4746748,-2.1525252,-0.8389252,3.4466001,0.8194001,2.1330001,0.5636002,-2.0635998,-0.7499998,0.5636002,-2.0635998,-0.7499998,5.5906001,2.9634001,4.2770001,0,,,,,,95
157,unknown,53,83,Bartlein et al. (2011),,,,-12.9143,-6.4857,-9.7,-3.0178,-1,-9.7,1,4.4200039,-2.0085961,1.2057039,4.3226328,-2.1059672,1.1083328,5.5603352,-0.8682648,2.3460352,5.2392998,-1.1893002,2.0249998,5.5142999,-0.9143001,2.2999999,5.6142998,-0.8143002,2.3999998,8.2413001,1.8127001,5.0270001,0,,,,,,240
158,unknown,55,83,Bartlein et al. (2011),,,,-12.0408,-7.9592,-10,-4.9,-1,-10,1,3.1072234,-0.9743766,1.0664234,2.936633,-1.144967,0.895833,3.7221374,-0.3594626,1.6813374,4.0567998,-0.0248002,2.0159998,3.8408002,-0.2407998,1.8000002,3.7407998,-0.3408002,1.6999998,7.3678001,3.2862001,5.3270001,0,,,,,,128
159,unknown,59,83,Bartlein et al. (2011),,,,-10.6976,-7.7024,-9.2,-6.1433,-1,-9.2,3,0.9152838,-2.0799162,-0.5823162,1.4351002,-1.5600998,-0.0624998,-0.0952133,-3.0904133,-1.5928133,1.9135996,-1.0816004,0.4159996,-0.0023998,-2.9975998,-1.4999998,-0.0023998,-2.9975998,-1.4999998,6.0246001,3.0294001,4.5270001,0,,,,,,97
160,unknown,57,85,Bartlein et al. (2011),,,,-5.3592,-3.7158,-4.5375,-5.5223,-1,-4.5375,8,-3.8217072,-5.4651072,-4.6434072,-3.4782996,-5.1216996,-4.2999996,-3.859035,-5.502435,-4.680735,-3.0248008,-4.6682008,-3.8465008,-3.9408002,-5.5842002,-4.7625002,-3.9408002,-5.5842002,-4.7625002,0.6862001,-0.9571999,-0.1354999,0,,,,,,153
161,unknown,53,87,Bartlein et al. (2011),,,,-4.6077,-1.6923,-3.15,-2.1609,-1,-3.15,2,-2.9339355,-5.8493355,-4.3916355,-3.5672992,-6.4826992,-5.0249992,-1.9873794,-4.9027794,-3.4450794,-3.1753,-6.0907,-4.633,-2.1923002,-5.1077002,-3.6500002,-1.8923,-4.8077,-3.35,-0.0652999,-2.9806999,-1.5229999,0,,,,,,355
162,unknown,49,89,Bartlein et al. (2011),,,,-6.6809,-3.4191,-5.05,-3.0964,-1,-5.05,2,0.8354248,-2.4263752,-0.7954752,-2.048267,-5.310067,-3.679167,0.6028942,-2.6589058,-1.0280058,-1.6351,-4.8969,-3.266,0.3808998,-2.8809002,-1.2500002,0.3808998,-2.8809002,-1.2500002,2.0079001,-1.2538999,0.3770001,1,Altai-Sayan region,Eurasia,South Siberian Mountains,Altai-Sayan region,"China, Kazakhstan, Mongolia, Russia",1878
163,unknown,51,99,Bartlein et al. (2011),,,,-3.9928,-0.7072,-2.35,-1.4305,0,0,2,-1.9773786,-5.2629786,-3.6201786,-3.9738667,-7.2594667,-5.6166667,-2.1775963,-5.4631963,-3.8203963,-3.8651998,-7.1507998,-5.5079998,-2.0072,-5.2928,-3.65,-2.2071998,-5.4927998,-3.8499998,-0.6801999,-3.9657999,-2.3229999,1,Mongolian Highlands,Eurasia,South Siberian Mountains,Mongolian Highlands,"Mongolia, Russia",2135
164,unknown,69,-161,Bartlein et al. (2011),,,,1.2229,3.4953,2.3591,2.0763,1,2.3591,2,-6.2590757,-8.5314757,-7.3952757,0.6896004,-1.5827996,-0.4465996,-9.023645,-11.296045,-10.159845,-13.4558988,-15.7282988,-14.5920988,-8.1229001,-10.3953001,-9.2591001,-8.2229,-10.4953,-9.3591,-5.8958994,-8.1682994,-7.0320994,0,,,,,,319
165,unknown,67,-157,Bartlein et al. (2011),,,,-4.1465,-1.8741,-3.0103,-2.6494,-1,-3.0103,2,2.4615492,0.1891492,1.3253492,7.2964999,5.0240999,6.1602999,-1.5542017,-3.8266017,-2.6904017,-4.2954994,-6.5678994,-5.4316994,-1.0534998,-3.3258998,-2.1896998,-1.0534998,-3.3258998,-2.1896998,-0.5264994,-2.7988994,-1.6626994,1,Alaska-Yukon Ranges,North America,American Cordillera (North America),Alaska-Yukon Ranges,"Canada, Russia, United States",617
166,unknown,67,-153,Bartlein et al. (2011),,,,-5.5388,-3.2664,-4.4026,-3.8747,-1,-4.4026,2,3.4511764,1.1787764,2.3149764,9.7888,7.5164,8.6526,-1.0930703,-3.3654703,-2.2292703,-1.461199,-3.733599,-2.597399,-0.8612001,-3.1336001,-1.9974001,-1.0611999,-3.3335999,-2.1973999,0.8658001,-1.4065999,-0.2703999,1,Alaska-Yukon Ranges,North America,American Cordillera (North America),Alaska-Yukon Ranges,"Canada, Russia, United States",421
167,unknown,67,-149,Bartlein et al. (2011),,,,12.2517,14.5241,13.3879,11.7826,1,13.3879,2,-14.5047518,-16.7771518,-15.6409518,-9.7183662,-11.9907662,-10.8545662,-20.0824915,-22.3548915,-21.2186915,-17.8426996,-20.1150996,-18.9788996,-20.2517,-22.5241,-21.3879,-20.1517001,-22.4241001,-21.2879001,-16.9246994,-19.1970994,-18.0608994,1,Alaska-Yukon Ranges,North America,American Cordillera (North America),Alaska-Yukon Ranges,"Canada, Russia, United States",970
168,unknown,67,-143,Bartlein et al. (2011),,,,6.6739,9.4589,8.0664,5.7929,1,8.0664,3,-9.2103361,-11.9953361,-10.6028361,-4.353067,-7.138067,-5.745567,-15.104915,-17.889915,-16.497415,-10.5648998,-13.3498998,-11.9573998,-15.2739004,-18.0589004,-16.6664004,-15.3738998,-18.1588998,-16.7663998,-11.3468999,-14.1318999,-12.7393999,0,,,,,,195
169,unknown,69,-139,Bartlein et al. (2011),,,,-1.8431,-0.1555,-0.9993,-1.1843,0,0,3,-4.4021641,-6.0897641,-5.2459641,2.2556004,0.5680004,1.4118004,-7.143313,-8.830913,-7.987113,-2.7648998,-4.4524998,-3.6086998,-6.0569001,-7.7445001,-6.9007001,-6.0569001,-7.7445001,-6.9007001,-2.8298994,-4.5174994,-3.6736994,0,,,,,,203
170,unknown,69,19,Bartlein et al. (2011),,,,-10.6398,-4.1602,-7.4,-2.2841,-1,-7.4,1,-6.3961478,-12.8757478,-9.6359478,-1.2685338,-7.7481338,-4.5083338,-8.5896064,-15.0692064,-11.8294064,-9.1932002,-15.6728002,-12.4330002,-8.0602008,-14.5398008,-11.3000008,-8.2601996,-14.7397996,-11.4999996,5.9668001,-0.5127999,2.7270001,1,North European Highlands,Eurasia,Europe,North European Highlands,"Finland, Norway, Russia, Sweden",85
171,unknown,67,65,Bartlein et al. (2011),,,,-8.4687,-5.1979,-6.8333,-4.1783,-1,-6.8333,3,-5.3945641,-8.6653641,-7.0299641,-8.5938,-11.8646,-10.2292,-10.1564984,-13.4272984,-11.7918984,-0.9893002,-4.2601002,-2.6247002,-10.0313,-13.3021,-11.6667,-10.0313,-13.3021,-11.6667,3.7957001,0.5249001,2.1603001,0,,,,,,180
172,unknown,67,71,Bartlein et al. (2011),,,,-7.1815,-4.1519,-5.6667,-3.741,-1,-5.6667,3,-6.6961226,-9.7257226,-8.2109226,-8.8059992,-11.8355992,-10.3207992,-10.6877398,-13.7173398,-12.2025398,-2.2844996,-5.3140996,-3.7992996,-10.7184996,-13.7480996,-12.2332996,-10.7184996,-13.7480996,-12.2332996,2.5084997,-0.5211003,0.9936997,0,,,,,,21
173,unknown,69,85,Bartlein et al. (2011),,,,-6.7316,-3.735,-5.2333,-3.4929,-1,-5.2333,3,-4.9722336,-7.9688336,-6.4705336,-8.1600655,-11.1566655,-9.6583655,-8.2572878,-11.2538878,-9.7555878,-3.0853994,-6.0819994,-4.5836994,-8.1683996,-11.1649996,-9.6666996,-8.0684002,-11.0650002,-9.5667002,2.0586006,-0.9379994,0.5603006,0,,,,,,98
174,unknown,69,89,Bartlein et al. (2011),,,,-3.0052,-0.6948,-1.85,-1.6015,0,0,4,-7.4445366,-9.7549366,-8.5997366,-11.3822989,-13.6926989,-12.5374989,-10.1155542,-12.4259542,-11.2707542,-6.8857998,-9.1961998,-8.0409998,-9.6947998,-12.0051998,-10.8499998,-9.6947998,-12.0051998,-10.8499998,-1.6678003,-3.9782003,-2.8230003,0,,,,,,81
